{
  "qff_aex": {
    "technology": "QFF AEX",
    "product_per_batch_kg": 491.25,
    "resin_cost_per_batch": 366429,
    "buffer_cost_per_batch": 32000,
    "other_dsp_cost_per_batch": -31843.367800000065,
    "total_chromatography_cost": 366585.63219999993,
    "chromatography_cost_per_kg": 746.2302945547073,
    "fermentation_raw_materials": 28744.512919135424,
    "fermentation_utilities": 2845.288502335444,
    "fermentation_labor": 3204.767058529134,
    "total_fermentation_cost": 34794.56848,
    "fermentation_cost_per_kg": 70.82863812722647,
    "cmo_campaign_setup": 41666.67,
    "cmo_facility_reservation": 16666.67,
    "cmo_validation": 1263.78,
    "cmo_qc_testing": 4059.17,
    "cmo_facility_usage": 138276.47350000002,
    "total_cmo_cost": 201932.7635,
    "cmo_cost_per_kg": 411.0590605597964,
    "other_processing_cost": 18018.61582,
    "other_processing_cost_per_kg": 36.679116173027985,
    "total_cost_per_batch": 621331.5799999998,
    "cost_per_kg": 1264.7971094147579,
    "excel_validation": true
  },
  "chitosan": {
    "technology": "Chitosan Coacervation",
    "product_per_batch_kg": 522.19875,
    "fermentation_raw_materials": 28744.512919135424,
    "fermentation_utilities": 2845.288502335444,
    "fermentation_labor": 3204.767058529134,
    "total_fermentation_cost": 34794.56848,
    "fermentation_cost_per_kg": 66.63089193530242,
    "chitosan_mass_kg": 2088.795,
    "chitosan_material_cost": 83551.8,
    "chitosan_buffer_cost": 60000,
    "chitosan_other_costs": 10000,
    "total_capture_cost": 153551.8,
    "capture_cost_per_kg": 294.04857824726696,
    "total_cmo_cost": 161546.2108,
    "cmo_cost_per_kg": 309.35771255676116,
    "other_processing_cost": 18018.61582,
    "other_processing_cost_per_kg": 34.50528332363874,
    "total_cost_per_batch": 367911.1951,
    "cost_per_kg": 704.5424660629693
  },
  "savings_analysis": {
    "cost_savings_per_kg": 560.2546433517886,
    "percentage_savings": 44.2960091528852,
    "annual_cost_savings": 7602611.546999995,
    "qff_annual_production_kg": 14737.5,
    "chitosan_annual_production_kg": 15665.962500000001,
    "additional_product_kg": 928.4625000000015
  },
  "validation": {
    "target_savings_per_kg": 586.27,
    "calculated_savings_per_kg": 560.2546433517886,
    "difference": 26.015356648211423,
    "percentage_diff": 4.437436104220142,
    "qff_excel_validated": true,
    "savings_reasonable": true
  }
}